<application>
  <component name="FileTypeManager" version="17">
    <ignoreFiles list="*$py.class;*.hprof;*.pyc;*.pyo;*.rbc;*.yarb;*~;.DS_Store;.git;.hg;.svn;CVS;__pycache__;_svn;vssver.scc;vssver2.scc;" />
    <extensionMap>
      <mapping pattern="Dockerfile " type="PLAIN_TEXT" />
      <mapping pattern="rep" type="PLAIN_TEXT" />
      <mapping ext="in" type="PLAIN_TEXT" />
      <mapping ext="txt" type="ReST" />
      <removed_mapping ext="txt" approved="true" type="requirements.txt" />
      <removed_mapping ext="txt" approved="true" type="requirements.txt" />
    </extensionMap>
  </component>
</application>