<application>
  <component name="libraryTable">
    <library name="bootstrap" type="javaScript">
      <properties>
        <sourceFilesUrls>
          <item url="file://$APPLICATION_CONFIG_DIR$/javascript/extLibs/http_maxcdn.bootstrapcdn.com_bootstrap_3.3.7_js_bootstrap.js" />
        </sourceFilesUrls>
      </properties>
      <CLASSES>
        <root url="file://$APPLICATION_CONFIG_DIR$/javascript/extLibs/http_maxcdn.bootstrapcdn.com_bootstrap_3.3.7_js_bootstrap.js" />
      </CLASSES>
      <JAVADOC />
      <SOURCES />
    </library>
    <library name="jquery" type="javaScript">
      <properties>
        <option name="frameworkName" value="jQuery" />
        <sourceFilesUrls>
          <item url="file://$APPLICATION_CONFIG_DIR$/javascript/extLibs/http_ajax.googleapis.com_ajax_libs_jquery_3.3.1_jquery.js" />
        </sourceFilesUrls>
      </properties>
      <CLASSES>
        <root url="file://$APPLICATION_CONFIG_DIR$/javascript/extLibs/http_ajax.googleapis.com_ajax_libs_jquery_3.3.1_jquery.js" />
      </CLASSES>
      <DOCUMENTATION>
        <root url="http://api.jquery.com" />
      </DOCUMENTATION>
      <JAVADOC />
      <SOURCES />
    </library>
    <library name="Python 3.8 interpreter library">
      <CLASSES>
        <root url="file:///usr/lib/python3.8" />
        <root url="file:///usr/lib/python3.8/lib-dynload" />
        <root url="file:///usr/local/lib/python3.8/dist-packages" />
        <root url="file:///usr/lib/python3/dist-packages" />
        <root url="file:///usr/lib/python3.8/dist-packages" />
        <root url="file://$USER_HOME$/.IntelliJIdea2019.3/system/python_stubs/-1247971761" />
        <root url="file://$APPLICATION_PLUGINS_DIR$/python/helpers/python-skeletons" />
        <root url="file://$APPLICATION_PLUGINS_DIR$/python/helpers/typeshed/stdlib/3" />
        <root url="file://$APPLICATION_PLUGINS_DIR$/python/helpers/typeshed/stdlib/2and3" />
        <root url="file://$APPLICATION_PLUGINS_DIR$/python/helpers/typeshed/third_party/3" />
        <root url="file://$APPLICATION_PLUGINS_DIR$/python/helpers/typeshed/third_party/2and3" />
      </CLASSES>
      <JAVADOC />
      <SOURCES>
        <root url="file:///usr/lib/python3.8" />
        <root url="file:///usr/lib/python3.8/lib-dynload" />
        <root url="file:///usr/local/lib/python3.8/dist-packages" />
        <root url="file:///usr/lib/python3/dist-packages" />
        <root url="file:///usr/lib/python3.8/dist-packages" />
        <root url="file://$USER_HOME$/.IntelliJIdea2019.3/system/python_stubs/-1247971761" />
        <root url="file://$APPLICATION_PLUGINS_DIR$/python/helpers/python-skeletons" />
        <root url="file://$APPLICATION_PLUGINS_DIR$/python/helpers/typeshed/stdlib/3" />
        <root url="file://$APPLICATION_PLUGINS_DIR$/python/helpers/typeshed/stdlib/2and3" />
        <root url="file://$APPLICATION_PLUGINS_DIR$/python/helpers/typeshed/third_party/3" />
        <root url="file://$APPLICATION_PLUGINS_DIR$/python/helpers/typeshed/third_party/2and3" />
      </SOURCES>
    </library>
    <library name="stitch" type="javaScript">
      <properties>
        <sourceFilesUrls>
          <item url="file://$APPLICATION_CONFIG_DIR$/javascript/extLibs/http_s3.amazonaws.com_stitch-sdks_js_bundles_4.3.0_stitch.js" />
          <item url="file://$APPLICATION_CONFIG_DIR$/javascript/extLibs/http_s3.amazonaws.com_stitch-sdks_js_bundles_4.4.0_stitch.js" />
        </sourceFilesUrls>
      </properties>
      <CLASSES>
        <root url="file://$APPLICATION_CONFIG_DIR$/javascript/extLibs/http_s3.amazonaws.com_stitch-sdks_js_bundles_4.3.0_stitch.js" />
        <root url="file://$APPLICATION_CONFIG_DIR$/javascript/extLibs/http_s3.amazonaws.com_stitch-sdks_js_bundles_4.4.0_stitch.js" />
      </CLASSES>
      <JAVADOC />
      <SOURCES />
    </library>
  </component>
</application>